insert into ticket (type, price) values ('adult', 25.00);
insert into ticket (type, price) values ('student', 18.00);
insert into ticket (type, price) values ('child', 12.50);
insert into movie (id, title, duration_minutes) values (1, 'Batman', 200);
insert into movie (id, title, duration_minutes) values (2, 'SpiderMan', 150);
insert into movie (id, title, duration_minutes) values (3, 'Joker', 170);
insert into screening (id, movie_id, start_time, screening_room) values (1, 1, '2222-02-22 20:22:02', 1);
insert into screening (id, movie_id, start_time, screening_room) values (2, 1, '2022-02-22 20:22:02', 1);
insert into screening (id, movie_id, start_time, screening_room) values (3, 1, '2222-03-22 20:22:02', 2);
insert into screening (id, movie_id, start_time, screening_room) values (4, 2, '2222-04-22 20:22:02', 2);
insert into screening (id, movie_id, start_time, screening_room) values (5, 2, '2222-05-22 20:22:02', 2);
insert into screening (id, movie_id, start_time, screening_room) values (6, 3, '2222-06-22 20:22:02', 3);
insert into screening (id, movie_id, start_time, screening_room) values (7, 3, '2222-07-22 20:22:02', 3);
insert into seat (id, screening_id, seat_row, seat_number, available) values (1, 1, 1, 1, true);
insert into seat (id, screening_id, seat_row, seat_number, available) values (2, 1, 1, 2, true);
insert into seat (id, screening_id, seat_row, seat_number, available) values (3, 1, 1, 3, false);
insert into seat (id, screening_id, seat_row, seat_number, available) values (4, 1, 1, 4, true);
insert into seat (id, screening_id, seat_row, seat_number, available) values (5, 1, 1, 5, true);
insert into seat (id, screening_id, seat_row, seat_number, available) values (6, 1, 1, 6, false);
insert into seat (id, screening_id, seat_row, seat_number, available) values (7, 1, 1, 7, true);
insert into seat (id, screening_id, seat_row, seat_number, available) values (8, 1, 1, 8, true);
insert into seat (id, screening_id, seat_row, seat_number, available) values (9, 1, 2, 1, true);
insert into seat (id, screening_id, seat_row, seat_number, available) values (10, 1, 2, 2, true);
insert into seat (id, screening_id, seat_row, seat_number, available) values (11, 1, 2, 3, false);
insert into seat (id, screening_id, seat_row, seat_number, available) values (12, 1, 2, 4, true);
insert into seat (id, screening_id, seat_row, seat_number, available) values (13, 1, 2, 5, true);
insert into seat (id, screening_id, seat_row, seat_number, available) values (14, 1, 2, 6, false);
insert into seat (id, screening_id, seat_row, seat_number, available) values (15, 1, 2, 7, false);
insert into seat (id, screening_id, seat_row, seat_number, available) values (16, 1, 2, 8, false);
insert into seat (id, screening_id, seat_row, seat_number, available) values (17, 4, 1, 1, true);
insert into seat (id, screening_id, seat_row, seat_number, available) values (18, 4, 1, 2, true);
insert into seat (id, screening_id, seat_row, seat_number, available) values (19, 4, 1, 3, true);
insert into seat (id, screening_id, seat_row, seat_number, available) values (20, 4, 1, 4, true);
insert into seat (id, screening_id, seat_row, seat_number, available) values (21, 4, 1, 5, true);
insert into seat (id, screening_id, seat_row, seat_number, available) values (22, 4, 1, 6, true);
insert into seat (id, screening_id, seat_row, seat_number, available) values (23, 4, 1, 7, true);
insert into seat (id, screening_id, seat_row, seat_number, available) values (24, 4, 1, 8, true);
insert into seat (id, screening_id, seat_row, seat_number, available) values (25, 7, 1, 1, true);
insert into seat (id, screening_id, seat_row, seat_number, available) values (26, 7, 1, 2, true);
insert into seat (id, screening_id, seat_row, seat_number, available) values (27, 7, 1, 3, true);
insert into seat (id, screening_id, seat_row, seat_number, available) values (28, 7, 1, 4, true);
insert into seat (id, screening_id, seat_row, seat_number, available) values (29, 7, 1, 5, true);
insert into seat (id, screening_id, seat_row, seat_number, available) values (30, 7, 1, 6, true);
insert into seat (id, screening_id, seat_row, seat_number, available) values (31, 7, 1, 7, true);
insert into seat (id, screening_id, seat_row, seat_number, available) values (32, 7, 1, 8, true);
